keyword,tfidf,count
ethics,1.0,9
Political Economy,1.0,7
AR,1.0,5
quantitative scenarios,1.0,5
HIHD levels,1.0,5
global emissions,0.7545695705468941,7
risk,0.7493561498377574,5
economics,0.7305845186566701,9
Social Cost of Carbon,0.7253991064813727,5
economic development,0.7212057504489479,10
climate action,0.7005297134902404,28
human development,0.6875874283141487,6
Ethics,0.6457719257926618,5
IPCC,0.6101127069292552,29
decarbonisation,0.6041000791478559,13
