{
  "mean": 11.2,
  "variance": 22.160000000000004,
  "standard_deviation": 4.707440918375928,
  "distribution_type": "bimodal",
  "coefficient_of_variation": 0.4203072248549936
}